Order_ID,Amount,Profit,Quantity,Category,Sub_Category,Revenue
B-25601,1275,1148,7,Furniture,Bookcases,8925
B-25601,66,12,5,Clothing,Stole,330
B-25601,8,2,3,Clothing,Hankerchief,24
B-25601,80,56,4,Electronics,Electronic Games,320
B-25602,168,111,2,Electronics,Phones,336
B-25602,424,272,5,Electronics,Phones,2120
B-25602,2617,1151,4,Electronics,Phones,10468
B-25602,561,212,3,Clothing,Saree,1683
B-25602,119,5,8,Clothing,Saree,952
B-25603,1355,60,5,Clothing,Trousers,6775
B-25603,24,30,1,Furniture,Chairs,24
B-25603,193,166,3,Clothing,Saree,579
B-25603,180,5,3,Clothing,Trousers,540
B-25603,116,16,4,Clothing,Stole,464
B-25603,107,36,6,Clothing,Stole,642
B-25603,12,1,2,Clothing,Hankerchief,24
B-25603,38,18,1,Clothing,Kurti,38
B-25604,65,17,2,Clothing,T-shirt,130
B-25604,157,5,9,Clothing,Saree,1413
B-25605,75,0,7,Clothing,Saree,525
B-25606,87,4,2,Clothing,Shirt,174
B-25607,50,15,4,Clothing,Leggings,200
B-25608,1364,1864,5,Furniture,Tables,6820
B-25608,476,0,3,Furniture,Chairs,1428
B-25608,257,23,5,Clothing,Hankerchief,1285
B-25608,856,385,6,Electronics,Printers,5136
B-25609,485,29,4,Electronics,Electronic Games,1940
B-25609,25,5,4,Clothing,Saree,100
B-25610,1076,38,4,Electronics,Printers,4304
B-25610,107,54,4,Clothing,Stole,428
B-25610,68,55,5,Electronics,Accessories,340
B-25610,781,594,6,Electronics,Printers,4686
B-25610,43,0,3,Clothing,Saree,129
B-25610,30,5,2,Furniture,Furnishings,60
B-25611,160,59,2,Clothing,Saree,320
B-25612,259,55,2,Furniture,Chairs,518
B-25613,1603,0,9,Clothing,Saree,14427
B-25614,494,54,4,Furniture,Bookcases,1976
B-25614,98,12,2,Electronics,Electronic Games,196
B-25615,68,20,5,Clothing,Hankerchief,340
B-25616,42,12,5,Clothing,Hankerchief,210
B-25616,116,56,5,Clothing,Stole,580
B-25616,22,2,3,Clothing,Hankerchief,66
B-25616,14,2,3,Clothing,Hankerchief,42
B-25617,305,270,5,Electronics,Electronic Games,1525
B-25618,362,127,1,Furniture,Bookcases,362
B-25618,12,0,2,Clothing,Hankerchief,24
B-25619,353,90,8,Clothing,Saree,2824
B-25620,193,46,1,Electronics,Printers,193
B-25621,233,10,5,Electronics,Electronic Games,1165
B-25621,228,63,3,Electronics,Electronic Games,684
B-25621,333,15,3,Electronics,Phones,999
B-25622,534,0,3,Clothing,Saree,1602
B-25623,53,1,4,Clothing,Stole,212
B-25623,158,69,3,Clothing,Stole,474
B-25623,149,87,4,Clothing,Saree,596
B-25623,105,20,2,Clothing,Stole,210
B-25624,26,12,3,Clothing,Hankerchief,78
B-25625,97,29,2,Clothing,Hankerchief,194
B-25625,59,30,3,Clothing,Leggings,177
B-25625,635,349,5,Clothing,Saree,3175
B-25626,46,14,1,Electronics,Phones,46
B-25626,1103,276,3,Furniture,Chairs,3309
B-25627,55,39,4,Clothing,Stole,220
B-25628,45,13,4,Clothing,Skirt,180
B-25628,24,9,4,Clothing,Saree,96
B-25628,35,8,2,Furniture,Furnishings,70
B-25629,1560,421,3,Clothing,Trousers,4680
B-25630,133,12,5,Clothing,Stole,665
B-25630,114,39,5,Clothing,Kurti,570
B-25630,143,129,2,Electronics,Phones,286
B-25630,40,7,3,Clothing,Stole,120
B-25630,34,22,4,Clothing,T-shirt,136
B-25630,42,26,2,Clothing,Kurti,84
B-25631,89,89,2,Furniture,Furnishings,178
B-25632,19,2,2,Clothing,Leggings,38
B-25633,249,130,4,Electronics,Phones,996
B-25633,711,8,4,Clothing,Saree,2844
B-25633,496,79,2,Clothing,Trousers,992
B-25634,389,83,3,Furniture,Chairs,1167
B-25635,40,16,3,Clothing,Hankerchief,120
B-25635,23,2,2,Clothing,Skirt,46
B-25635,382,30,3,Clothing,Saree,1146
B-25636,637,113,5,Clothing,Saree,3185
B-25637,117,14,3,Clothing,Shirt,351
B-25638,182,11,3,Furniture,Bookcases,546
B-25638,880,97,8,Furniture,Furnishings,7040
B-25638,154,39,3,Clothing,Hankerchief,462
B-25638,816,96,3,Electronics,Printers,2448
B-25639,1629,153,3,Electronics,Phones,4887
B-25640,68,62,2,Clothing,Trousers,136
B-25640,314,239,13,Clothing,Hankerchief,4082
B-25640,122,47,4,Clothing,Saree,488
B-25641,22,6,1,Furniture,Furnishings,22
B-25642,434,26,11,Clothing,Shirt,4774
B-25643,1061,36,8,Furniture,Bookcases,8488
B-25643,50,44,2,Clothing,Hankerchief,100
B-25643,37,23,4,Clothing,Shirt,148
B-25643,263,63,2,Electronics,Electronic Games,526
B-25643,36,7,1,Electronics,Electronic Games,36
B-25644,76,92,8,Furniture,Furnishings,608
B-25645,273,87,4,Electronics,Phones,1092
B-25645,86,0,4,Clothing,T-shirt,344
B-25645,133,42,1,Electronics,Printers,133
B-25645,183,66,5,Electronics,Phones,915
B-25646,20,8,2,Clothing,Saree,40
B-25647,42,6,4,Clothing,Saree,168
B-25648,100,23,1,Electronics,Phones,100
B-25648,30,13,1,Clothing,T-shirt,30
B-25648,55,26,4,Clothing,Saree,220
B-25648,130,41,4,Clothing,Saree,520
B-25649,27,25,2,Clothing,Stole,54
B-25650,245,78,2,Electronics,Printers,490
B-25650,211,105,2,Clothing,Saree,422
B-25650,31,2,2,Clothing,Saree,62
B-25650,28,26,2,Clothing,Stole,56
B-25650,512,225,5,Clothing,Saree,2560
B-25650,925,447,5,Electronics,Electronic Games,4625
B-25650,238,20,2,Clothing,Saree,476
B-25650,351,47,8,Electronics,Phones,2808
B-25650,269,111,3,Clothing,Trousers,807
B-25651,200,60,4,Furniture,Bookcases,800
B-25651,44,8,3,Clothing,Stole,132
B-25651,7,0,1,Clothing,Leggings,7
B-25651,11,4,2,Clothing,Skirt,22
B-25651,16,10,2,Clothing,T-shirt,32
B-25651,172,103,3,Furniture,Chairs,516
B-25651,49,3,1,Clothing,Shirt,49
B-25651,823,18,7,Furniture,Chairs,5761
B-25651,23,4,1,Clothing,Saree,23
B-25651,457,41,4,Clothing,Saree,1828
B-25652,24,21,7,Clothing,Skirt,168
B-25652,25,2,5,Clothing,Hankerchief,125
B-25652,174,70,3,Electronics,Accessories,522
B-25652,206,206,3,Clothing,Saree,618
B-25652,21,13,3,Clothing,Leggings,63
B-25652,34,6,4,Clothing,Leggings,136
B-25652,9,6,2,Clothing,Hankerchief,18
B-25653,1279,640,8,Electronics,Printers,10232
B-25653,28,3,2,Clothing,Saree,56
B-25653,427,50,7,Electronics,Phones,2989
B-25653,168,10,3,Electronics,Accessories,504
B-25653,1327,318,8,Furniture,Chairs,10616
B-25653,195,117,5,Electronics,Phones,975
B-25653,115,25,1,Electronics,Accessories,115
B-25653,668,31,3,Electronics,Printers,2004
B-25653,227,102,8,Electronics,Accessories,1816
B-25654,34,12,3,Clothing,Hankerchief,102
B-25654,229,23,2,Clothing,Saree,458
B-25654,54,3,3,Clothing,Saree,162
B-25654,269,86,2,Electronics,Electronic Games,538
B-25654,122,21,3,Furniture,Furnishings,366
B-25654,105,46,2,Clothing,Stole,210
B-25654,450,90,3,Electronics,Printers,1350
B-25654,121,17,3,Furniture,Furnishings,363
B-25655,44,26,3,Clothing,Hankerchief,132
B-25655,7,4,3,Clothing,Hankerchief,21
B-25655,396,31,9,Clothing,Saree,3564
B-25655,97,62,2,Clothing,Trousers,194
B-25655,110,68,4,Clothing,Saree,440
B-25655,312,312,7,Furniture,Chairs,2184
B-25655,9,6,2,Clothing,Skirt,18
B-25655,6,3,1,Clothing,Hankerchief,6
B-25655,74,23,8,Clothing,Skirt,592
B-25656,534,0,3,Clothing,Saree,1602
B-25656,30,5,5,Clothing,Stole,150
B-25656,61,23,2,Clothing,Saree,122
B-25656,6,3,1,Clothing,Hankerchief,6
B-25656,24,1,2,Clothing,Hankerchief,48
B-25656,56,18,2,Clothing,Hankerchief,112
B-25656,406,126,2,Clothing,Saree,812
B-25656,624,37,2,Electronics,Electronic Games,1248
B-25656,101,18,9,Clothing,Skirt,909
B-25656,1389,680,7,Clothing,Saree,9723
B-25656,651,169,5,Electronics,Printers,3255
B-25656,13,1,3,Clothing,Hankerchief,39
B-25657,1021,48,4,Electronics,Electronic Games,4084
B-25657,32,22,5,Clothing,Saree,160
B-25657,332,43,6,Electronics,Phones,1992
B-25657,288,180,4,Furniture,Chairs,1152
B-25658,27,9,2,Clothing,T-shirt,54
B-25659,148,72,7,Clothing,T-shirt,1036
B-25660,245,78,3,Clothing,Saree,735
B-25661,19,15,3,Clothing,Hankerchief,57
B-25661,224,81,3,Furniture,Chairs,672
B-25661,58,42,2,Furniture,Chairs,116
B-25661,145,104,5,Furniture,Chairs,725
B-25661,55,33,2,Furniture,Chairs,110
B-25661,7,1,2,Clothing,Hankerchief,14
B-25662,24,2,2,Clothing,T-shirt,48
B-25662,86,21,1,Electronics,Electronic Games,86
B-25662,385,77,11,Furniture,Furnishings,4235
B-25663,294,138,2,Electronics,Printers,588
B-25664,444,200,4,Electronics,Phones,1776
B-25664,785,52,2,Electronics,Phones,1570
B-25664,258,27,2,Electronics,Phones,516
B-25664,83,48,1,Furniture,Bookcases,83
B-25665,166,113,4,Electronics,Accessories,664
B-25666,934,916,7,Electronics,Electronic Games,6538
B-25667,11,2,4,Clothing,Hankerchief,44
B-25667,41,6,5,Clothing,Skirt,205
B-25667,344,34,3,Clothing,Saree,1032
B-25667,1030,206,8,Electronics,Printers,8240
B-25667,516,69,4,Furniture,Bookcases,2064
B-25668,123,17,3,Furniture,Furnishings,369
B-25669,610,66,2,Furniture,Tables,1220
B-25670,74,29,3,Clothing,Stole,222
B-25670,24,1,2,Clothing,Hankerchief,48
B-25670,14,2,1,Clothing,Hankerchief,14
B-25670,656,36,2,Furniture,Bookcases,1312
B-25671,832,0,3,Clothing,Trousers,2496
B-25672,27,15,1,Clothing,Stole,27
B-25673,143,124,5,Clothing,Saree,715
B-25673,44,17,5,Clothing,Saree,220
B-25673,45,2,4,Clothing,Shirt,180
B-25673,16,1,1,Clothing,Saree,16
B-25673,37,5,3,Clothing,T-shirt,111
B-25674,17,12,5,Clothing,Skirt,85
B-25675,929,93,9,Clothing,Saree,8361
B-25676,342,103,4,Electronics,Electronic Games,1368
B-25676,1263,56,5,Clothing,Trousers,6315
B-25676,674,187,2,Furniture,Tables,1348
B-25676,32,6,3,Clothing,Shirt,96
B-25676,79,36,4,Clothing,Shirt,316
B-25677,20,2,1,Electronics,Accessories,20
B-25678,64,7,3,Clothing,Saree,192
B-25678,7,3,2,Clothing,Skirt,14
B-25678,327,39,1,Electronics,Phones,327
B-25678,27,25,2,Clothing,Shirt,54
B-25679,76,50,1,Clothing,Saree,76
B-25680,73,25,3,Clothing,Saree,219
B-25681,68,27,3,Electronics,Accessories,204
B-25681,523,204,7,Clothing,Trousers,3661
B-25681,44,3,1,Clothing,Saree,44
B-25681,243,14,2,Furniture,Chairs,486
B-25681,1625,77,3,Electronics,Phones,4875
B-25681,1096,658,7,Electronics,Electronic Games,7672
B-25682,545,73,11,Electronics,Phones,5995
B-25683,433,26,3,Electronics,Printers,1299
B-25683,245,3,4,Electronics,Phones,980
B-25683,155,56,3,Furniture,Furnishings,465
B-25683,148,52,5,Clothing,Stole,740
B-25683,86,55,6,Clothing,Saree,516
B-25684,134,42,2,Furniture,Chairs,268
B-25685,51,7,2,Furniture,Furnishings,102
B-25685,529,137,3,Electronics,Phones,1587
B-25685,264,30,3,Furniture,Furnishings,792
B-25685,45,2,4,Clothing,Shirt,180
B-25686,381,13,2,Clothing,Saree,762
B-25686,332,503,3,Electronics,Printers,996
B-25686,1829,56,6,Furniture,Tables,10974
B-25687,17,6,1,Clothing,Stole,17
B-25687,357,139,2,Clothing,Saree,714
B-25687,51,21,3,Clothing,T-shirt,153
B-25687,387,213,5,Clothing,Saree,1935
B-25687,14,1,4,Clothing,Kurti,56
B-25688,352,345,5,Clothing,Saree,1760
B-25689,469,459,3,Electronics,Electronic Games,1407
B-25689,97,17,2,Clothing,Stole,194
B-25689,149,36,3,Clothing,Stole,447
B-25690,31,10,3,Clothing,Skirt,93
B-25691,714,56,4,Clothing,Saree,2856
B-25691,75,25,3,Clothing,Stole,225
B-25691,17,9,3,Clothing,Stole,51
B-25692,141,28,7,Furniture,Furnishings,987
B-25693,76,72,9,Clothing,Hankerchief,684
B-25693,632,316,6,Clothing,Saree,3792
B-25693,32,16,6,Clothing,Saree,192
B-25693,68,30,1,Electronics,Phones,68
B-25693,82,39,5,Clothing,T-shirt,410
B-25693,72,49,1,Electronics,Phones,72
B-25693,13,13,2,Clothing,Skirt,26
B-25694,167,43,7,Clothing,T-shirt,1169
B-25695,171,14,9,Clothing,Shirt,1539
B-25696,117,6,3,Electronics,Phones,351
B-25696,116,4,1,Clothing,Saree,116
B-25696,887,80,3,Electronics,Printers,2661
B-25696,275,275,4,Clothing,Saree,1100
B-25696,44,7,3,Clothing,Kurti,132
B-25696,168,9,3,Clothing,Saree,504
B-25697,114,8,3,Electronics,Accessories,342
B-25697,1300,16,8,Electronics,Printers,10400
B-25697,4,3,1,Clothing,Skirt,4
B-25697,73,7,1,Electronics,Phones,73
B-25697,67,42,3,Clothing,Stole,201
B-25697,322,193,5,Electronics,Printers,1610
B-25697,115,39,3,Clothing,Trousers,345
B-25698,87,83,5,Clothing,Kurti,435
B-25698,27,6,4,Clothing,Hankerchief,108
B-25698,207,153,3,Clothing,Saree,621
B-25698,516,392,8,Furniture,Chairs,4128
B-25698,7,2,1,Clothing,Hankerchief,7
B-25698,65,16,2,Electronics,Phones,130
B-25699,20,22,1,Furniture,Furnishings,20
B-25699,49,31,2,Clothing,Stole,98
B-25699,34,13,5,Clothing,Leggings,170
B-25699,21,5,1,Electronics,Accessories,21
B-25700,129,75,5,Clothing,Shirt,645
B-25700,44,32,3,Clothing,Stole,132
B-25700,7,3,2,Clothing,Hankerchief,14
B-25701,10,8,2,Clothing,Skirt,20
B-25701,33,29,3,Clothing,Shirt,99
B-25701,98,45,2,Furniture,Chairs,196
B-25701,33,12,5,Clothing,Hankerchief,165
B-25702,75,0,3,Clothing,Shirt,225
B-25702,424,17,9,Furniture,Chairs,3816
B-25702,31,3,4,Clothing,Saree,124
B-25702,941,203,3,Furniture,Tables,2823
B-25702,306,147,3,Clothing,Saree,918
B-25703,42,23,2,Furniture,Furnishings,84
B-25703,17,3,2,Clothing,Stole,34
B-25703,32,5,5,Clothing,Hankerchief,160
B-25703,231,190,9,Clothing,Hankerchief,2079
B-25703,22,15,4,Clothing,Kurti,88
B-25703,97,45,4,Clothing,Saree,388
B-25703,47,27,4,Clothing,Saree,188
B-25703,186,141,9,Clothing,Shirt,1674
B-25704,126,63,3,Electronics,Accessories,378
B-25704,102,0,3,Electronics,Phones,306
B-25705,46,0,2,Electronics,Electronic Games,92
B-25706,31,11,4,Clothing,Stole,124
B-25707,8,6,1,Clothing,Stole,8
B-25708,191,13,8,Furniture,Furnishings,1528
B-25708,709,100,5,Electronics,Phones,3545
B-25708,81,51,7,Clothing,Stole,567
B-25708,32,8,2,Clothing,Stole,64
B-25709,33,12,7,Clothing,Saree,231
B-25709,41,6,1,Furniture,Chairs,41
B-25710,216,38,6,Furniture,Furnishings,1296
B-25710,616,69,7,Furniture,Furnishings,4312
B-25710,10,1,1,Clothing,Leggings,10
B-25710,25,0,4,Clothing,Skirt,100
B-25710,53,18,4,Clothing,T-shirt,212
B-25710,13,8,1,Clothing,T-shirt,13
B-25711,100,58,4,Clothing,Hankerchief,400
B-25712,193,275,3,Electronics,Phones,579
B-25713,158,63,4,Furniture,Chairs,632
B-25714,11,5,2,Clothing,Hankerchief,22
B-25714,340,20,7,Clothing,Shirt,2380
B-25715,416,137,3,Electronics,Phones,1248
B-25716,58,0,4,Clothing,Saree,232
B-25717,561,212,3,Clothing,Saree,1683
B-25717,138,3,5,Clothing,Saree,690
B-25717,90,17,3,Clothing,Shirt,270
B-25717,55,33,2,Furniture,Chairs,110
B-25718,371,115,1,Furniture,Bookcases,371
B-25718,460,31,3,Furniture,Bookcases,1380
B-25719,29,10,2,Clothing,Stole,58
B-25720,30,35,1,Furniture,Chairs,30
B-25721,29,18,7,Clothing,Skirt,203
B-25721,191,51,5,Clothing,Shirt,955
B-25721,149,40,2,Electronics,Phones,298
B-25722,48,8,8,Clothing,Stole,384
B-25723,26,24,1,Clothing,Stole,26
B-25723,16,12,2,Clothing,Stole,32
B-25723,12,7,2,Clothing,Leggings,24
B-25723,76,54,3,Electronics,Electronic Games,228
B-25724,168,51,2,Furniture,Bookcases,336
B-25725,23,5,7,Clothing,Hankerchief,161
B-25725,26,5,2,Clothing,Stole,52
B-25725,144,7,4,Electronics,Electronic Games,576
B-25726,490,128,8,Furniture,Bookcases,3920
B-25727,57,48,6,Clothing,Leggings,342
B-25727,327,114,4,Clothing,Trousers,1308
B-25728,1055,264,4,Electronics,Printers,4220
B-25728,771,424,2,Electronics,Phones,1542
B-25728,322,113,4,Clothing,Saree,1288
B-25729,1549,439,4,Electronics,Phones,6196
B-25730,1145,706,3,Electronics,Phones,3435
B-25730,473,42,4,Furniture,Chairs,1892
B-25730,96,22,5,Clothing,Stole,480
B-25730,18,8,2,Clothing,Hankerchief,36
B-25730,187,30,4,Electronics,Accessories,748
B-25730,83,81,3,Furniture,Chairs,249
B-25731,131,154,8,Furniture,Furnishings,1048
B-25732,16,5,2,Clothing,Stole,32
B-25733,43,43,7,Clothing,Stole,301
B-25733,30,10,2,Clothing,Stole,60
B-25733,23,6,4,Clothing,Hankerchief,92
B-25734,108,19,3,Electronics,Electronic Games,324
B-25735,12,2,3,Clothing,Hankerchief,36
B-25735,7,1,2,Clothing,Skirt,14
B-25735,15,7,1,Clothing,Hankerchief,15
B-25736,31,7,5,Clothing,Skirt,155
B-25737,187,15,3,Clothing,Trousers,561
B-25738,70,14,2,Furniture,Furnishings,140
B-25738,72,6,3,Clothing,Saree,216
B-25738,1069,0,6,Clothing,Saree,6414
B-25738,148,91,2,Electronics,Phones,296
B-25739,133,56,2,Furniture,Chairs,266
B-25740,40,37,3,Clothing,Stole,120
B-25740,7,0,2,Clothing,Skirt,14
B-25740,58,8,2,Clothing,Saree,116
B-25741,482,6,7,Electronics,Electronic Games,3374
B-25742,11,8,2,Clothing,Skirt,22
B-25743,143,124,5,Clothing,Saree,715
B-25743,9,5,1,Clothing,Saree,9
B-25743,503,56,2,Clothing,Trousers,1006
B-25743,74,51,3,Clothing,Stole,222
B-25743,56,0,4,Clothing,Hankerchief,224
B-25744,373,254,6,Electronics,Printers,2238
B-25745,44,8,3,Clothing,Stole,132
B-25745,296,225,11,Clothing,Saree,3256
B-25745,670,15,5,Furniture,Bookcases,3350
B-25745,132,79,5,Furniture,Furnishings,660
B-25746,87,16,2,Clothing,Saree,174
B-25747,877,395,2,Furniture,Bookcases,1754
B-25748,141,10,4,Clothing,Shirt,564
B-25748,224,58,3,Electronics,Phones,672
B-25748,8,1,2,Clothing,Leggings,16
B-25748,47,21,2,Electronics,Electronic Games,94
B-25749,1052,82,3,Furniture,Bookcases,3156
B-25750,212,24,2,Furniture,Chairs,424
B-25750,42,15,12,Clothing,Skirt,504
B-25750,208,25,2,Clothing,Saree,416
B-25750,22,12,3,Clothing,Stole,66
B-25750,539,146,7,Furniture,Furnishings,3773
B-25750,78,6,2,Furniture,Furnishings,156
B-25750,20,18,2,Clothing,Saree,40
B-25750,19,1,1,Clothing,Shirt,19
B-25750,73,31,1,Furniture,Bookcases,73
B-25751,10,8,1,Clothing,Kurti,10
B-25751,14,3,2,Clothing,Leggings,28
B-25751,68,56,2,Electronics,Phones,136
B-25751,106,0,2,Electronics,Phones,212
B-25751,43,5,2,Clothing,Saree,86
B-25751,43,21,3,Clothing,Shirt,129
B-25751,534,5,2,Electronics,Electronic Games,1068
B-25751,32,7,3,Clothing,Hankerchief,96
B-25751,65,4,6,Clothing,Hankerchief,390
B-25751,221,15,2,Electronics,Electronic Games,442
B-25752,1361,197,9,Furniture,Bookcases,12249
B-25752,761,266,9,Electronics,Electronic Games,6849
B-25752,76,27,5,Clothing,Stole,380
B-25752,91,15,6,Clothing,T-shirt,546
B-25752,8,2,2,Clothing,Hankerchief,16
B-25752,735,235,6,Electronics,Printers,4410
B-25752,33,27,1,Furniture,Chairs,33
B-25753,62,56,5,Clothing,Kurti,310
B-25753,27,20,2,Clothing,Hankerchief,54
B-25753,65,52,3,Electronics,Accessories,195
B-25753,47,114,5,Furniture,Furnishings,235
B-25753,341,85,6,Clothing,Trousers,2046
B-25753,107,31,5,Clothing,T-shirt,535
B-25753,154,22,7,Clothing,T-shirt,1078
B-25753,620,82,6,Electronics,Accessories,3720
B-25753,77,43,8,Clothing,Stole,616
B-25754,72,46,7,Clothing,Kurti,504
B-25754,41,14,5,Clothing,Leggings,205
B-25754,30,23,2,Clothing,Saree,60
B-25754,93,65,4,Clothing,Stole,372
B-25754,19,0,3,Clothing,Skirt,57
B-25754,9,1,3,Clothing,Skirt,27
B-25754,319,312,5,Clothing,Saree,1595
B-25754,262,215,2,Electronics,Printers,524
B-25755,37,53,3,Clothing,Saree,111
B-25755,257,3,2,Furniture,Bookcases,514
B-25755,80,19,5,Clothing,Stole,400
B-25755,321,315,5,Clothing,Saree,1605
B-25755,47,3,2,Clothing,Stole,94
B-25755,593,213,4,Furniture,Bookcases,2372
B-25755,134,34,2,Furniture,Chairs,268
B-25755,1709,564,3,Clothing,Trousers,5127
B-25755,27,4,2,Clothing,Saree,54
B-25756,465,33,4,Electronics,Phones,1860
B-25756,643,45,2,Electronics,Printers,1286
B-25756,204,276,3,Furniture,Bookcases,612
B-25756,729,492,5,Furniture,Bookcases,3645
B-25756,29,24,4,Clothing,Leggings,116
B-25757,17,13,4,Clothing,Skirt,68
B-25757,34,11,5,Clothing,T-shirt,170
B-25757,98,9,2,Furniture,Furnishings,196
B-25757,3151,35,7,Clothing,Trousers,22057
B-25757,53,15,2,Clothing,Stole,106
B-25757,165,30,3,Clothing,Stole,495
B-25757,211,19,8,Clothing,Stole,1688
B-25757,106,15,7,Clothing,Hankerchief,742
B-25757,14,5,1,Clothing,Hankerchief,14
B-25757,17,7,3,Clothing,Hankerchief,51
B-25757,46,14,5,Clothing,Skirt,230
B-25758,8,2,1,Clothing,Stole,8
B-25759,20,9,6,Clothing,Hankerchief,120
B-25760,322,193,5,Electronics,Printers,1610
B-25761,2188,1050,5,Furniture,Bookcases,10940
B-25761,328,15,3,Electronics,Electronic Games,984
B-25761,418,70,7,Electronics,Phones,2926
B-25761,40,0,3,Clothing,Saree,120
B-25761,102,90,1,Clothing,Saree,102
B-25761,263,31,9,Electronics,Electronic Games,2367
B-25762,1316,527,7,Electronics,Electronic Games,9212
B-25762,27,4,3,Clothing,Skirt,81
B-25762,98,5,2,Clothing,Saree,196
B-25763,58,52,3,Furniture,Chairs,174
B-25764,119,43,5,Clothing,T-shirt,595
B-25764,765,153,2,Electronics,Phones,1530
B-25764,26,0,2,Clothing,Kurti,52
B-25764,24,24,2,Clothing,Saree,48
B-25765,139,14,3,Clothing,Stole,417
B-25766,220,19,2,Clothing,Saree,440
B-25767,299,28,3,Electronics,Electronic Games,897
B-25767,9,9,2,Clothing,Kurti,18
B-25767,74,59,2,Electronics,Accessories,148
B-25767,29,3,3,Clothing,Saree,87
B-25767,48,22,2,Clothing,Saree,96
B-25768,1582,443,6,Clothing,Trousers,9492
B-25769,355,4,2,Clothing,Saree,710
B-25770,375,180,3,Furniture,Bookcases,1125
B-25770,299,113,2,Furniture,Bookcases,598
B-25770,287,280,12,Furniture,Chairs,3444
B-25770,110,35,1,Furniture,Furnishings,110
B-25771,148,59,3,Clothing,Hankerchief,444
B-25772,1183,106,4,Electronics,Printers,4732
B-25773,248,70,3,Furniture,Chairs,744
B-25773,85,9,4,Clothing,Saree,340
B-25773,24,14,2,Clothing,Saree,48
B-25773,209,21,2,Electronics,Electronic Games,418
B-25773,224,143,3,Furniture,Chairs,672
B-25774,38,6,2,Furniture,Furnishings,76
B-25775,50,17,2,Clothing,Stole,100
B-25776,47,20,2,Clothing,Kurti,94
B-25777,61,25,4,Electronics,Accessories,244
B-25777,69,67,4,Clothing,Kurti,276
B-25777,59,46,7,Clothing,T-shirt,413
B-25777,117,17,6,Clothing,Kurti,702
B-25777,1076,38,4,Electronics,Printers,4304
B-25778,1506,266,6,Electronics,Printers,9036
B-25778,109,6,6,Clothing,Saree,654
B-25778,933,166,5,Clothing,Saree,4665
B-25778,724,447,4,Electronics,Electronic Games,2896
B-25779,1361,980,3,Furniture,Tables,4083
B-25780,137,41,3,Electronics,Phones,411
B-25781,60,49,8,Clothing,Hankerchief,480
B-25781,30,25,2,Clothing,T-shirt,60
B-25781,767,353,5,Clothing,Trousers,3835
B-25781,45,28,2,Clothing,Stole,90
B-25781,25,1,4,Clothing,Kurti,100
B-25781,584,444,7,Electronics,Printers,4088
B-25782,335,22,7,Furniture,Chairs,2345
B-25783,25,11,1,Clothing,Stole,25
B-25783,30,6,2,Clothing,Hankerchief,60
B-25783,33,10,6,Clothing,Leggings,198
B-25783,21,17,3,Clothing,Shirt,63
B-25783,26,2,2,Clothing,Hankerchief,52
B-25784,15,4,1,Clothing,Hankerchief,15
B-25785,595,292,3,Clothing,Saree,1785
B-25785,45,0,2,Clothing,T-shirt,90
B-25785,192,146,3,Clothing,Saree,576
B-25785,26,25,3,Clothing,Saree,78
B-25786,1854,433,5,Furniture,Bookcases,9270
B-25786,623,192,3,Furniture,Tables,1869
B-25786,44,34,3,Clothing,Stole,132
B-25786,17,11,3,Clothing,Skirt,51
B-25787,556,209,7,Clothing,Saree,3892
B-25787,40,12,3,Clothing,Shirt,120
B-25787,229,41,8,Electronics,Accessories,1832
B-25787,140,58,4,Furniture,Furnishings,560
B-25788,12,3,1,Clothing,Stole,12
B-25789,30,0,1,Clothing,Kurti,30
B-25789,313,13,5,Furniture,Bookcases,1565
B-25789,67,86,9,Furniture,Furnishings,603
B-25790,42,3,1,Electronics,Electronic Games,42
B-25791,253,63,2,Clothing,Saree,506
B-25791,565,66,7,Clothing,Saree,3955
B-25791,175,77,3,Clothing,Saree,525
B-25792,74,25,3,Clothing,Stole,222
B-25793,40,33,5,Clothing,Hankerchief,200
B-25793,63,24,6,Clothing,Kurti,378
B-25793,60,12,4,Clothing,Hankerchief,240
B-25793,257,252,4,Clothing,Saree,1028
B-25793,24,1,4,Clothing,Skirt,96
B-25793,18,1,3,Clothing,Hankerchief,54
B-25793,1402,109,11,Clothing,Saree,15422
B-25794,176,37,6,Electronics,Accessories,1056
B-25795,276,21,2,Electronics,Phones,552
B-25796,37,6,1,Clothing,Saree,37
B-25796,28,1,1,Electronics,Accessories,28
B-25796,239,162,5,Furniture,Chairs,1195
B-25796,78,64,7,Clothing,Stole,546
B-25796,632,316,6,Clothing,Saree,3792
B-25796,559,19,2,Clothing,Trousers,1118
B-25796,148,0,3,Clothing,Saree,444
B-25797,976,293,4,Electronics,Accessories,3904
B-25797,148,101,2,Furniture,Bookcases,296
B-25797,413,314,9,Furniture,Chairs,3717
B-25797,89,4,5,Clothing,Saree,445
B-25797,1630,802,5,Furniture,Tables,8150
B-25797,31,1,2,Clothing,Hankerchief,62
B-25798,379,63,2,Clothing,Saree,758
B-25798,448,148,2,Electronics,Printers,896
B-25798,2830,1981,13,Furniture,Bookcases,36790
B-25798,47,3,2,Clothing,Stole,94
B-25798,38,13,3,Clothing,Stole,114
B-25798,61,50,4,Clothing,Hankerchief,244
B-25799,205,119,3,Clothing,Saree,615
B-25799,47,27,4,Clothing,Saree,188
B-25799,45,15,2,Furniture,Chairs,90
B-25799,70,64,5,Clothing,Stole,350
B-25800,122,66,9,Electronics,Accessories,1098
B-25800,21,6,3,Clothing,Leggings,63
B-25800,45,12,7,Clothing,Hankerchief,315
B-25801,64,6,4,Clothing,Saree,256
B-25801,49,31,2,Clothing,Stole,98
B-25801,21,10,4,Clothing,Leggings,84
B-25801,15,2,1,Clothing,T-shirt,15
B-25802,27,7,5,Clothing,Saree,135
B-25802,633,633,11,Electronics,Accessories,6963
B-25802,13,9,2,Clothing,Skirt,26
B-25802,23,3,1,Clothing,Shirt,23
B-25802,95,5,2,Clothing,Stole,190
B-25803,106,12,3,Clothing,Trousers,318
B-25803,269,91,1,Electronics,Electronic Games,269
B-25803,536,91,1,Clothing,Trousers,536
B-25803,137,5,5,Clothing,Shirt,685
B-25803,757,371,2,Electronics,Printers,1514
B-25803,511,194,3,Furniture,Chairs,1533
B-25803,185,48,4,Clothing,Stole,740
B-25803,765,8,6,Clothing,Saree,4590
B-25804,156,36,5,Clothing,T-shirt,780
B-25804,321,26,3,Electronics,Printers,963
B-25805,112,15,2,Furniture,Chairs,224
B-25806,632,114,4,Furniture,Tables,2528
B-25807,16,6,1,Clothing,Stole,16
B-25808,63,17,6,Clothing,Leggings,378
B-25808,146,63,3,Electronics,Electronic Games,438
B-25808,59,21,2,Clothing,Stole,118
B-25808,210,50,4,Clothing,Hankerchief,840
B-25809,154,54,3,Clothing,Hankerchief,462
B-25809,53,24,1,Clothing,Hankerchief,53
B-25810,26,10,4,Clothing,Hankerchief,104
B-25810,1120,199,6,Clothing,Saree,6720
B-25810,45,6,3,Clothing,Shirt,135
B-25810,307,74,3,Electronics,Accessories,921
B-25810,92,42,2,Clothing,Stole,184
B-25810,29,8,5,Clothing,Hankerchief,145
B-25811,126,52,4,Clothing,Hankerchief,504
B-25812,259,47,5,Clothing,Hankerchief,1295
B-25813,911,202,7,Furniture,Chairs,6377
B-25814,118,35,7,Clothing,T-shirt,826
B-25814,462,169,4,Clothing,Saree,1848
B-25815,35,14,2,Clothing,Stole,70
B-25816,391,113,8,Clothing,Stole,3128
B-25817,743,89,5,Electronics,Printers,3715
B-25818,75,28,9,Clothing,Hankerchief,675
B-25818,36,0,4,Clothing,Kurti,144
B-25818,32,11,2,Clothing,Leggings,64
B-25818,94,20,2,Furniture,Furnishings,188
B-25818,28,14,4,Clothing,Hankerchief,112
B-25819,417,49,3,Electronics,Electronic Games,1251
B-25820,119,1,1,Furniture,Chairs,119
B-25821,60,21,4,Clothing,Stole,240
B-25821,17,0,1,Clothing,Hankerchief,17
B-25821,125,0,3,Electronics,Accessories,375
B-25822,34,13,2,Clothing,Saree,68
B-25823,2103,322,8,Electronics,Electronic Games,16824
B-25823,104,2,2,Furniture,Furnishings,208
B-25823,59,6,1,Electronics,Accessories,59
B-25823,103,50,2,Furniture,Furnishings,206
B-25824,101,38,2,Furniture,Furnishings,202
B-25825,911,355,5,Electronics,Phones,4555
B-25825,115,25,6,Clothing,Stole,690
B-25825,140,6,5,Clothing,Saree,700
B-25826,637,261,2,Electronics,Printers,1274
B-25827,156,21,3,Furniture,Chairs,468
B-25828,537,107,3,Clothing,Saree,1611
B-25828,15,2,1,Clothing,Leggings,15
B-25828,128,3,3,Clothing,Saree,384
B-25828,222,35,5,Clothing,Saree,1110
B-25829,345,38,7,Clothing,Hankerchief,2415
B-25830,41,11,6,Clothing,Hankerchief,246
B-25830,54,1,2,Clothing,Saree,108
B-25830,71,0,8,Clothing,Skirt,568
B-25830,93,15,2,Electronics,Accessories,186
B-25830,1063,64,7,Electronics,Phones,7441
B-25830,1954,782,3,Electronics,Phones,5862
B-25831,693,254,6,Clothing,Saree,4158
B-25832,504,116,3,Furniture,Bookcases,1512
B-25833,64,27,5,Clothing,Hankerchief,320
B-25833,36,4,9,Clothing,Hankerchief,324
B-25833,45,16,3,Clothing,Stole,135
B-25834,16,5,1,Clothing,Stole,16
B-25835,52,11,5,Clothing,Leggings,260
B-25835,27,2,2,Clothing,Leggings,54
B-25835,155,26,3,Clothing,Stole,465
B-25836,1298,65,9,Electronics,Printers,11682
B-25837,263,50,5,Clothing,Stole,1315
B-25838,70,26,5,Clothing,Hankerchief,350
B-25838,81,19,7,Clothing,Hankerchief,567
B-25838,955,305,3,Electronics,Printers,2865
B-25838,161,40,3,Clothing,Stole,483
B-25839,1250,486,7,Clothing,Saree,8750
B-25840,246,61,2,Furniture,Bookcases,492
B-25840,298,74,2,Furniture,Bookcases,596
B-25840,262,64,6,Clothing,Saree,1572
B-25841,22,11,2,Clothing,Skirt,44
B-25842,1543,370,8,Electronics,Printers,12344
B-25843,50,7,6,Clothing,Skirt,300
B-25843,214,30,3,Electronics,Accessories,642
B-25843,255,74,5,Clothing,Hankerchief,1275
B-25843,18,6,3,Clothing,Hankerchief,54
B-25843,45,0,2,Clothing,Stole,90
B-25844,86,8,2,Clothing,Saree,172
B-25845,274,7,4,Electronics,Phones,1096
B-25845,82,33,4,Clothing,Kurti,328
B-25845,757,371,2,Electronics,Printers,1514
B-25845,132,54,5,Clothing,Stole,660
B-25846,94,7,7,Clothing,Leggings,658
B-25847,643,225,2,Electronics,Printers,1286
B-25847,264,71,10,Furniture,Furnishings,2640
B-25848,147,21,3,Furniture,Furnishings,441
B-25848,16,8,2,Clothing,Hankerchief,32
B-25848,648,50,6,Electronics,Electronic Games,3888
B-25849,336,123,3,Electronics,Phones,1008
B-25850,45,1,3,Clothing,T-shirt,135
B-25850,93,1,2,Clothing,Hankerchief,186
B-25850,52,18,5,Clothing,Leggings,260
B-25850,148,24,3,Clothing,Stole,444
B-25850,24,1,4,Clothing,Hankerchief,96
B-25850,513,215,2,Electronics,Accessories,1026
B-25850,117,36,2,Clothing,Trousers,234
B-25850,916,192,11,Electronics,Phones,10076
B-25850,485,199,4,Clothing,Saree,1940
B-25851,10,2,2,Clothing,Hankerchief,20
B-25851,300,42,2,Electronics,Printers,600
B-25851,57,27,2,Clothing,T-shirt,114
B-25851,103,46,2,Clothing,Saree,206
B-25851,336,71,3,Furniture,Bookcases,1008
B-25851,53,24,6,Clothing,Hankerchief,318
B-25851,90,29,5,Clothing,T-shirt,450
B-25851,62,1,3,Clothing,Saree,186
B-25851,135,54,5,Clothing,Kurti,675
B-25851,237,47,9,Clothing,T-shirt,2133
B-25852,320,144,1,Electronics,Printers,320
B-25852,24,1,2,Clothing,Hankerchief,48
B-25852,45,12,4,Clothing,Hankerchief,180
B-25852,97,17,2,Clothing,Stole,194
B-25852,50,16,1,Clothing,Stole,50
B-25852,869,67,4,Furniture,Tables,3476
B-25852,105,33,5,Clothing,Kurti,525
B-25853,39,16,6,Clothing,Skirt,234
B-25853,30,14,3,Clothing,Hankerchief,90
B-25853,26,11,2,Clothing,Hankerchief,52
B-25853,19,6,2,Clothing,Saree,38
B-25853,579,139,3,Electronics,Printers,1737
B-25853,2093,721,5,Furniture,Chairs,10465
B-25853,95,11,4,Furniture,Furnishings,380
B-25853,128,4,3,Clothing,Saree,384
B-25853,199,48,4,Clothing,Stole,796
B-25854,149,48,6,Clothing,Stole,894
B-25854,436,131,9,Clothing,Hankerchief,3924
B-25854,76,19,3,Clothing,Hankerchief,228
B-25854,88,16,4,Clothing,Stole,352
B-25854,342,154,7,Furniture,Furnishings,2394
B-25854,40,16,3,Clothing,Hankerchief,120
B-25854,53,2,3,Clothing,Saree,159
B-25854,381,144,2,Clothing,Saree,762
B-25855,829,19,4,Electronics,Printers,3316
B-25855,442,31,2,Electronics,Electronic Games,884
B-25855,90,17,3,Clothing,Hankerchief,270
B-25855,98,12,2,Clothing,Hankerchief,196
B-25855,61,30,2,Clothing,Hankerchief,122
B-25855,1027,441,8,Clothing,Saree,8216
B-25855,1319,567,5,Electronics,Printers,6595
B-25855,197,73,1,Furniture,Bookcases,197
B-25855,550,242,5,Furniture,Furnishings,2750
B-25856,74,29,3,Clothing,Stole,222
B-25856,10,2,2,Clothing,Skirt,20
B-25856,689,90,5,Clothing,Saree,3445
B-25856,257,3,2,Clothing,Saree,514
B-25856,48,6,1,Clothing,Saree,48
B-25857,324,39,8,Electronics,Accessories,2592
B-25857,598,166,4,Furniture,Bookcases,2392
B-25857,227,59,2,Furniture,Furnishings,454
B-25858,22,8,3,Clothing,Hankerchief,66
B-25858,29,11,4,Clothing,Skirt,116
B-25858,27,5,2,Clothing,Skirt,54
B-25858,82,13,2,Clothing,Shirt,164
B-25858,294,109,7,Electronics,Accessories,2058
B-25858,16,0,1,Clothing,Saree,16
B-25858,245,30,2,Clothing,Saree,490
B-25858,223,27,2,Furniture,Bookcases,446
B-25858,2457,665,11,Electronics,Electronic Games,27027
B-25859,724,253,2,Furniture,Bookcases,1448
B-25860,112,24,3,Clothing,Kurti,336
B-25861,128,4,3,Clothing,Saree,384
B-25861,50,3,2,Clothing,Stole,100
B-25861,62,6,5,Clothing,Hankerchief,310
B-25861,44,14,3,Clothing,Hankerchief,132
B-25861,56,18,2,Clothing,Hankerchief,112
B-25861,216,83,3,Electronics,Electronic Games,648
B-25862,2061,701,5,Furniture,Bookcases,10305
B-25862,121,41,4,Clothing,Stole,484
B-25862,80,3,3,Clothing,Stole,240
B-25863,189,87,7,Clothing,Stole,1323
B-25864,100,6,4,Clothing,Stole,400
B-25864,17,5,1,Clothing,Hankerchief,17
B-25864,22,8,2,Clothing,Leggings,44
B-25864,27,9,2,Clothing,Hankerchief,54
B-25865,85,1,3,Clothing,Saree,255
B-25866,51,14,2,Clothing,Stole,102
B-25867,31,14,3,Clothing,Stole,93
B-25867,240,12,6,Clothing,Kurti,1440
B-25867,163,26,4,Clothing,Shirt,652
B-25868,170,73,2,Electronics,Accessories,340
B-25868,62,1,1,Electronics,Phones,62
B-25868,1118,206,2,Furniture,Tables,2236
B-25869,86,9,3,Clothing,Saree,258
B-25870,10,4,1,Clothing,Kurti,10
B-25870,845,84,7,Clothing,Saree,5915
B-25870,57,7,3,Furniture,Furnishings,171
B-25870,473,113,9,Clothing,Hankerchief,4257
B-25871,118,25,4,Clothing,Hankerchief,472
B-25872,57,27,2,Clothing,Shirt,114
B-25873,66,12,3,Clothing,Stole,198
B-25873,367,73,3,Electronics,Electronic Games,1101
B-25873,7,1,1,Clothing,Hankerchief,7
B-25873,1275,357,2,Electronics,Phones,2550
B-25873,42,12,2,Clothing,Kurti,84
B-25874,124,54,5,Clothing,T-shirt,620
B-25875,248,8,2,Clothing,Saree,496
B-25876,282,14,4,Clothing,Trousers,1128
B-25877,1137,568,2,Clothing,Trousers,2274
B-25877,269,33,5,Furniture,Chairs,1345
B-25877,24,8,2,Clothing,Skirt,48
B-25878,165,46,3,Furniture,Furnishings,495
B-25878,46,0,4,Clothing,Leggings,184
B-25878,84,41,3,Clothing,T-shirt,252
B-25878,140,15,5,Clothing,Stole,700
B-25878,741,267,5,Furniture,Bookcases,3705
B-25878,719,303,6,Furniture,Chairs,4314
B-25879,57,28,2,Clothing,Kurti,114
B-25880,108,37,2,Clothing,Stole,216
B-25881,37,3,3,Clothing,Hankerchief,111
B-25881,26,9,2,Clothing,Leggings,52
B-25881,1351,111,6,Electronics,Electronic Games,8106
B-25881,2244,247,4,Clothing,Trousers,8976
B-25881,36,7,3,Clothing,Leggings,108
B-25881,2115,23,5,Furniture,Chairs,10575
B-25882,121,19,4,Clothing,Stole,484
B-25883,146,42,5,Clothing,Hankerchief,730
B-25883,105,26,8,Clothing,Leggings,840
B-25883,127,29,3,Furniture,Furnishings,381
B-25883,16,15,4,Clothing,Hankerchief,64
B-25883,10,2,2,Clothing,Leggings,20
B-25884,24,2,4,Clothing,Hankerchief,96
B-25885,94,27,2,Clothing,Shirt,188
B-25885,394,146,2,Furniture,Bookcases,788
B-25885,734,248,2,Furniture,Chairs,1468
B-25885,349,0,7,Clothing,Stole,2443
B-25886,89,17,2,Clothing,Stole,178
B-25886,502,84,4,Electronics,Phones,2008
B-25886,63,1,4,Clothing,T-shirt,252
B-25886,107,37,3,Clothing,Shirt,321
B-25887,83,6,6,Clothing,Shirt,498
B-25887,2125,234,6,Electronics,Printers,12750
B-25888,18,2,3,Clothing,Hankerchief,54
B-25888,223,4,3,Electronics,Phones,669
B-25888,646,213,3,Electronics,Electronic Games,1938
B-25889,31,10,1,Clothing,Kurti,31
B-25889,119,43,7,Clothing,Kurti,833
B-25889,114,11,4,Clothing,T-shirt,456
B-25890,465,207,9,Clothing,Saree,4185
B-25891,25,2,2,Clothing,Hankerchief,50
B-25891,97,36,7,Clothing,Hankerchief,679
B-25891,121,41,4,Clothing,Stole,484
B-25892,139,30,3,Clothing,Shirt,417
B-25893,355,114,7,Clothing,Stole,2485
B-25893,61,11,3,Clothing,Kurti,183
B-25893,149,15,3,Clothing,Saree,447
B-25893,688,103,6,Electronics,Accessories,4128
B-25893,372,59,3,Electronics,Printers,1116
B-25893,223,62,7,Clothing,Shirt,1561
B-25893,83,12,3,Clothing,Stole,249
B-25894,1246,62,3,Furniture,Bookcases,3738
B-25895,388,93,2,Furniture,Bookcases,776
B-25896,31,11,3,Clothing,Skirt,93
B-25896,42,7,2,Clothing,Kurti,84
B-25896,190,68,8,Clothing,T-shirt,1520
B-25896,103,36,2,Clothing,Hankerchief,206
B-25896,287,66,6,Clothing,Kurti,1722
B-25896,23,4,2,Clothing,Skirt,46
B-25896,79,2,2,Furniture,Furnishings,158
B-25897,43,5,3,Clothing,Stole,129
B-25897,33,10,3,Clothing,Hankerchief,99
B-25897,24,11,5,Clothing,Hankerchief,120
B-25897,734,213,6,Electronics,Electronic Games,4404
B-25898,33,13,3,Clothing,Leggings,99
B-25898,499,33,4,Clothing,Saree,1996
B-25898,147,73,3,Clothing,Stole,441
B-25898,53,5,3,Clothing,T-shirt,159
B-25898,171,2,2,Electronics,Electronic Games,342
B-25898,915,99,3,Furniture,Tables,2745
B-25898,191,93,4,Clothing,Shirt,764
B-25898,857,274,2,Furniture,Tables,1714
B-25899,22,9,2,Clothing,Leggings,44
B-25899,28,6,4,Clothing,Skirt,112
B-25899,43,17,1,Clothing,Saree,43
B-25899,846,9,2,Furniture,Chairs,1692
B-25900,15,2,1,Clothing,Leggings,15
B-25900,140,68,5,Clothing,T-shirt,700
B-25900,210,62,2,Electronics,Phones,420
B-25901,158,38,3,Clothing,Hankerchief,474
B-25901,90,27,2,Clothing,T-shirt,180
B-25901,159,2,3,Furniture,Furnishings,477
B-25901,61,28,2,Clothing,Hankerchief,122
B-25902,79,6,7,Clothing,Saree,553
B-25902,268,6,2,Furniture,Bookcases,536
B-25902,802,120,7,Electronics,Accessories,5614
B-25902,1700,85,3,Clothing,Trousers,5100
B-25902,154,26,4,Electronics,Accessories,616
B-25903,455,77,8,Electronics,Accessories,3640
B-25903,19,8,2,Clothing,Hankerchief,38
B-25903,25,11,3,Clothing,Leggings,75
B-25903,37,17,3,Clothing,Hankerchief,111
B-25903,60,10,2,Furniture,Furnishings,120
B-25903,204,94,4,Clothing,Hankerchief,816
B-25903,74,33,2,Clothing,Shirt,148
B-25903,336,57,2,Electronics,Phones,672
B-25904,871,131,2,Furniture,Bookcases,1742
B-25904,83,12,2,Furniture,Chairs,166
B-25905,152,50,6,Clothing,Stole,912
B-25906,78,27,3,Clothing,Stole,234
B-25907,30,11,5,Clothing,Hankerchief,150
B-25908,179,25,5,Clothing,Kurti,895
B-25909,168,56,3,Clothing,Saree,504
B-25909,108,22,3,Electronics,Accessories,324
B-25909,1622,248,3,Electronics,Phones,4866
B-25909,323,122,5,Electronics,Phones,1615
B-25909,12,2,2,Clothing,Skirt,24
B-25910,125,15,5,Clothing,Shirt,625
B-25910,685,7,7,Clothing,Trousers,4795
B-25910,850,289,5,Electronics,Electronic Games,4250
B-25910,1622,624,5,Furniture,Tables,8110
B-25910,259,47,5,Clothing,Hankerchief,1295
B-25910,33,1,2,Clothing,Shirt,66
B-25911,40,15,1,Clothing,Kurti,40
B-25912,102,11,6,Clothing,T-shirt,612
B-25913,103,21,7,Clothing,Stole,721
B-25914,460,143,3,Furniture,Chairs,1380
B-25914,125,22,3,Clothing,Stole,375
B-25915,277,3,1,Electronics,Electronic Games,277
B-25916,80,26,9,Clothing,Skirt,720
B-25917,100,12,2,Clothing,T-shirt,200
B-25918,244,122,5,Furniture,Furnishings,1220
B-25919,28,4,1,Clothing,T-shirt,28
B-25919,110,12,7,Clothing,Stole,770
B-25919,636,204,2,Electronics,Printers,1272
B-25919,1599,37,6,Electronics,Electronic Games,9594
B-25919,977,244,7,Electronics,Phones,6839
B-25920,100,7,2,Clothing,T-shirt,200
B-25921,170,19,5,Clothing,T-shirt,850
B-25921,84,42,2,Electronics,Accessories,168
B-25921,71,44,5,Electronics,Accessories,355
B-25922,52,18,2,Clothing,Stole,104
B-25923,226,58,3,Electronics,Accessories,678
B-25923,484,28,3,Electronics,Printers,1452
B-25923,253,11,1,Clothing,Trousers,253
B-25923,3873,891,6,Electronics,Phones,23238
B-25924,148,54,2,Furniture,Chairs,296
B-25925,27,12,1,Clothing,Stole,27
B-25925,314,41,3,Electronics,Electronic Games,942
B-25925,1228,14,3,Furniture,Chairs,3684
B-25926,57,6,5,Clothing,Leggings,285
B-25927,200,7,4,Electronics,Electronic Games,800
B-25928,25,10,1,Furniture,Furnishings,25
B-25928,122,15,3,Electronics,Accessories,366
B-25929,1308,536,3,Furniture,Bookcases,3924
B-25929,216,135,3,Furniture,Chairs,648
B-25929,154,85,3,Furniture,Chairs,462
B-25930,40,13,3,Clothing,T-shirt,120
B-25930,351,94,5,Electronics,Electronic Games,1755
B-25930,595,119,4,Furniture,Bookcases,2380
B-25930,151,29,5,Clothing,Hankerchief,755
B-25930,58,17,2,Clothing,Hankerchief,116
B-25930,202,89,9,Clothing,T-shirt,1818
B-25931,73,36,3,Furniture,Chairs,219
B-25932,71,14,4,Furniture,Furnishings,284
B-25933,81,44,3,Clothing,Stole,243
B-25933,412,412,6,Clothing,Saree,2472
B-25933,207,100,2,Clothing,Saree,414
B-25934,105,33,6,Clothing,Saree,630
B-25935,162,20,3,Furniture,Chairs,486
B-25935,150,32,3,Clothing,Hankerchief,450
B-25935,1657,460,4,Furniture,Chairs,6628
B-25936,61,25,4,Clothing,Saree,244
B-25937,1101,352,3,Furniture,Bookcases,3303
B-25938,61,1,2,Furniture,Furnishings,122
B-25938,59,25,3,Clothing,Stole,177
B-25939,61,18,2,Electronics,Accessories,122
B-25939,136,41,3,Electronics,Accessories,408
B-25939,469,33,4,Electronics,Electronic Games,1876
B-25940,55,4,2,Clothing,Stole,110
B-25940,13,3,2,Clothing,Hankerchief,26
B-25940,46,0,4,Clothing,Leggings,184
B-25941,177,41,4,Clothing,Shirt,708
B-25942,646,23,2,Electronics,Printers,1292
B-25943,48,20,4,Clothing,Stole,192
B-25943,26,7,4,Clothing,Hankerchief,104
B-25943,149,15,3,Clothing,Saree,447
B-25943,1547,340,6,Electronics,Accessories,9282
B-25943,137,38,5,Clothing,Hankerchief,685
B-25944,169,38,3,Clothing,Saree,507
B-25945,245,10,2,Furniture,Bookcases,490
B-25945,60,3,3,Clothing,Saree,180
B-25945,63,14,2,Clothing,Shirt,126
B-25945,765,36,3,Electronics,Electronic Games,2295
B-25946,146,7,2,Electronics,Phones,292
B-25947,290,35,6,Clothing,Hankerchief,1740
B-25947,207,33,2,Electronics,Accessories,414
B-25948,152,23,3,Furniture,Furnishings,456
B-25949,24,11,3,Clothing,Hankerchief,72
B-25949,140,57,2,Clothing,Trousers,280
B-25949,151,9,3,Clothing,Hankerchief,453
B-25950,13,4,1,Clothing,Leggings,13
B-25950,54,27,2,Clothing,Stole,108
B-25950,644,167,2,Electronics,Printers,1288
B-25950,261,13,6,Clothing,Shirt,1566
B-25950,1622,95,5,Electronics,Printers,8110
B-25950,190,19,9,Furniture,Furnishings,1710
B-25950,158,29,10,Clothing,Hankerchief,1580
B-25950,136,33,5,Clothing,Saree,680
B-25950,133,5,5,Clothing,Stole,665
B-25951,102,13,2,Clothing,Stole,204
B-25951,50,14,1,Electronics,Electronic Games,50
B-25951,111,11,9,Clothing,Hankerchief,999
B-25951,120,23,5,Clothing,Stole,600
B-25951,40,18,1,Electronics,Accessories,40
B-25951,250,100,3,Clothing,Trousers,750
B-25951,89,29,2,Clothing,Stole,178
B-25951,30,5,2,Clothing,Kurti,60
B-25951,248,105,2,Electronics,Phones,496
B-25951,742,198,2,Furniture,Bookcases,1484
B-25952,14,0,4,Clothing,Hankerchief,56
B-25952,87,32,9,Clothing,Skirt,783
B-25952,935,114,4,Electronics,Electronic Games,3740
B-25952,173,69,3,Furniture,Chairs,519
B-25952,352,18,5,Clothing,Trousers,1760
B-25952,147,48,3,Clothing,Saree,441
B-25952,44,14,3,Clothing,Hankerchief,132
B-25953,22,8,4,Clothing,Hankerchief,88
B-25953,188,193,2,Electronics,Electronic Games,376
B-25953,81,41,3,Clothing,Stole,243
B-25953,44,2,3,Clothing,Hankerchief,132
B-25953,116,22,1,Electronics,Accessories,116
B-25953,67,20,4,Clothing,T-shirt,268
B-25953,744,119,6,Electronics,Printers,4464
B-25953,1218,352,9,Furniture,Bookcases,10962
B-25953,87,36,5,Clothing,Stole,435
B-25954,891,0,5,Clothing,Saree,4455
B-25954,146,66,1,Electronics,Phones,146
B-25954,44,10,3,Clothing,Stole,132
B-25954,27,0,2,Clothing,Leggings,54
B-25954,48,11,2,Clothing,Shirt,96
B-25954,189,60,4,Furniture,Furnishings,756
B-25954,524,25,2,Electronics,Electronic Games,1048
B-25954,148,9,1,Electronics,Electronic Games,148
B-25955,1716,309,7,Electronics,Accessories,12012
B-25955,45,8,4,Clothing,Skirt,180
B-25955,39,2,2,Clothing,Saree,78
B-25955,110,20,5,Clothing,Stole,550
B-25955,54,14,3,Clothing,T-shirt,162
B-25955,954,95,3,Electronics,Printers,2862
B-25955,2927,146,8,Furniture,Bookcases,23416
B-25955,294,62,9,Clothing,T-shirt,2646
B-25955,200,13,5,Electronics,Phones,1000
B-25956,89,37,4,Clothing,Shirt,356
B-25956,59,10,2,Clothing,Hankerchief,118
B-25956,33,10,3,Clothing,Hankerchief,99
B-25956,474,56,4,Electronics,Phones,1896
B-25956,140,28,2,Electronics,Phones,280
B-25957,147,73,3,Clothing,Stole,441
B-25957,16,2,1,Clothing,Saree,16
B-25957,1157,13,9,Furniture,Bookcases,10413
B-25958,105,25,2,Clothing,Hankerchief,210
B-25958,360,32,3,Clothing,Saree,1080
B-25959,252,56,2,Electronics,Phones,504
B-25959,681,259,4,Furniture,Chairs,2724
B-25959,32,2,2,Clothing,Kurti,64
B-25959,132,49,3,Clothing,Shirt,396
B-25959,637,212,8,Electronics,Phones,5096
B-25959,429,17,3,Furniture,Chairs,1287
B-25959,82,24,6,Clothing,Hankerchief,492
B-25959,23,8,2,Clothing,Hankerchief,46
B-25960,171,140,2,Furniture,Bookcases,342
B-25961,34,12,5,Clothing,Leggings,170
B-25961,366,84,3,Furniture,Bookcases,1098
B-25961,26,3,3,Clothing,Skirt,78
B-25961,446,53,3,Electronics,Printers,1338
B-25961,48,16,3,Clothing,Shirt,144
B-25961,34,10,3,Clothing,Skirt,102
B-25962,260,68,2,Electronics,Printers,520
B-25962,312,62,1,Electronics,Electronic Games,312
B-25962,544,152,3,Furniture,Bookcases,1632
B-25963,53,8,3,Furniture,Furnishings,159
B-25964,199,0,4,Clothing,Stole,796
B-25964,89,6,5,Clothing,Saree,445
B-25964,1270,546,11,Electronics,Electronic Games,13970
B-25964,346,108,3,Furniture,Chairs,1038
B-25965,17,7,3,Clothing,Hankerchief,51
B-25966,510,234,6,Electronics,Electronic Games,3060
B-25967,17,2,2,Clothing,Skirt,34
B-25967,119,24,4,Furniture,Furnishings,476
B-25967,229,59,9,Clothing,Saree,2061
B-25968,811,154,7,Electronics,Accessories,5677
B-25969,720,43,2,Electronics,Printers,1440
B-25969,2452,191,7,Furniture,Bookcases,17164
B-25969,171,17,6,Clothing,T-shirt,1026
B-25970,203,84,2,Electronics,Printers,406
B-25970,742,198,2,Furniture,Bookcases,1484
B-25970,111,9,4,Clothing,Stole,444
B-25970,365,107,3,Electronics,Phones,1095
B-25971,244,83,2,Furniture,Bookcases,488
B-25972,115,47,2,Electronics,Accessories,230
B-25973,571,108,12,Clothing,Stole,6852
B-25973,398,111,8,Clothing,Hankerchief,3184
B-25973,79,39,2,Clothing,Shirt,158
B-25973,39,14,5,Clothing,Leggings,195
B-25973,4141,1698,13,Electronics,Printers,53833
B-25974,662,240,2,Furniture,Bookcases,1324
B-25975,29,2,3,Clothing,Skirt,87
B-25976,193,8,4,Clothing,T-shirt,772
B-25977,27,1,1,Clothing,Stole,27
B-25977,74,29,3,Clothing,Stole,222
B-25977,180,54,4,Clothing,T-shirt,720
B-25978,1063,175,4,Electronics,Electronic Games,4252
B-25978,341,160,7,Clothing,Stole,2387
B-25979,560,44,3,Clothing,Saree,1680
B-25979,57,27,2,Clothing,Shirt,114
B-25979,284,45,2,Furniture,Bookcases,568
B-25979,12,1,2,Clothing,Hankerchief,24
B-25979,82,27,3,Clothing,Kurti,246
B-25980,22,11,3,Clothing,Kurti,66
B-25981,42,13,3,Clothing,Leggings,126
B-25981,54,12,3,Clothing,Saree,162
B-25981,62,8,2,Clothing,T-shirt,124
B-25981,245,91,2,Furniture,Bookcases,490
B-25981,867,251,5,Electronics,Phones,4335
B-25981,48,2,3,Clothing,Stole,144
B-25982,13,3,1,Clothing,Leggings,13
B-25983,230,5,2,Clothing,Saree,460
B-25983,32,12,1,Furniture,Chairs,32
B-25983,161,229,8,Furniture,Furnishings,1288
B-25983,50,4,6,Clothing,T-shirt,300
B-25983,561,118,5,Furniture,Bookcases,2805
B-25984,304,97,6,Clothing,Stole,1824
B-25985,197,20,4,Clothing,Kurti,788
B-25985,108,26,4,Clothing,Shirt,432
B-25985,32,8,5,Clothing,Hankerchief,160
B-25985,44,11,4,Clothing,Stole,176
B-25986,749,307,7,Furniture,Furnishings,5243
B-25986,71,4,5,Clothing,Leggings,355
B-25986,487,23,3,Electronics,Printers,1461
B-25986,918,22,9,Electronics,Electronic Games,8262
B-25987,299,0,6,Clothing,Stole,1794
B-25987,88,11,7,Clothing,Hankerchief,616
B-25988,79,24,9,Clothing,Skirt,711
B-25989,44,14,3,Clothing,Hankerchief,132
B-25989,10,5,1,Clothing,Stole,10
B-25989,42,15,1,Electronics,Accessories,42
B-25989,330,81,1,Furniture,Bookcases,330
B-25989,338,41,7,Clothing,Hankerchief,2366
B-25990,71,32,3,Clothing,Saree,213
B-25991,188,13,7,Clothing,Shirt,1316
B-25991,90,30,2,Furniture,Chairs,180
B-25991,13,5,2,Clothing,Hankerchief,26
B-25992,141,41,3,Clothing,Shirt,423
B-25993,44,8,2,Clothing,Stole,88
B-25993,610,208,3,Electronics,Printers,1830
B-25993,4363,305,5,Furniture,Tables,21815
B-25993,414,199,3,Electronics,Phones,1242
B-25993,221,26,7,Furniture,Furnishings,1547
B-25993,201,32,4,Furniture,Furnishings,804
B-25993,173,86,1,Electronics,Printers,173
B-25994,196,7,5,Electronics,Phones,980
B-25995,1314,342,3,Furniture,Bookcases,3942
B-25996,62,6,6,Clothing,Skirt,372
B-25996,31,2,2,Clothing,Hankerchief,62
B-25996,217,72,2,Furniture,Furnishings,434
B-25996,286,140,6,Clothing,Shirt,1716
B-25996,333,50,2,Electronics,Phones,666
B-25996,47,1,2,Clothing,Stole,94
B-25996,18,4,1,Clothing,Saree,18
B-25997,16,6,3,Clothing,Hankerchief,48
B-25997,231,99,2,Electronics,Electronic Games,462
B-25997,2292,127,7,Furniture,Bookcases,16044
B-25997,48,15,1,Clothing,Hankerchief,48
B-25998,50,28,5,Furniture,Furnishings,250
B-25999,26,17,1,Clothing,Stole,26
B-25999,93,65,4,Clothing,Stole,372
B-25999,152,3,5,Clothing,Saree,760
B-25999,51,49,2,Electronics,Electronic Games,102
B-25999,352,74,8,Clothing,Stole,2816
B-25999,129,11,2,Electronics,Phones,258
B-25999,223,62,7,Clothing,Shirt,1561
B-25999,770,323,3,Electronics,Accessories,2310
B-25999,222,74,5,Clothing,Hankerchief,1110
B-25999,215,30,2,Clothing,Saree,430
B-25999,109,40,1,Furniture,Furnishings,109
B-26000,43,9,4,Clothing,Skirt,172
B-26000,676,151,3,Electronics,Printers,2028
B-26000,597,93,4,Furniture,Chairs,2388
B-26001,13,0,2,Clothing,Hankerchief,26
B-26001,149,17,4,Furniture,Furnishings,596
B-26001,8,2,2,Clothing,Skirt,16
B-26001,50,9,6,Clothing,Skirt,300
B-26002,80,22,3,Clothing,Stole,240
B-26002,276,52,5,Clothing,Saree,1380
B-26002,71,19,3,Clothing,T-shirt,213
B-26002,141,7,7,Clothing,Saree,987
B-26002,113,28,2,Clothing,Saree,226
B-26003,315,8,3,Furniture,Chairs,945
B-26003,128,47,4,Clothing,Hankerchief,512
B-26003,652,13,6,Furniture,Furnishings,3912
B-26003,114,41,6,Furniture,Furnishings,684
B-26003,79,16,3,Clothing,T-shirt,237
B-26003,498,116,4,Clothing,Saree,1992
B-26003,1745,122,2,Furniture,Tables,3490
B-26003,17,2,2,Clothing,Skirt,34
B-26004,147,44,3,Clothing,Saree,441
B-26004,162,73,2,Electronics,Electronic Games,324
B-26005,87,10,3,Clothing,Stole,261
B-26006,1301,573,5,Electronics,Accessories,6505
B-26007,311,72,2,Furniture,Bookcases,622
B-26008,22,4,1,Clothing,Stole,22
B-26008,206,51,4,Clothing,Hankerchief,824
B-26008,57,24,5,Clothing,Leggings,285
B-26008,10,1,1,Clothing,Saree,10
B-26009,285,128,2,Electronics,Printers,570
B-26009,195,12,9,Clothing,Shirt,1755
B-26010,527,26,3,Electronics,Electronic Games,1581
B-26010,29,3,2,Clothing,Stole,58
B-26010,85,13,2,Clothing,Shirt,170
B-26010,18,2,3,Clothing,Hankerchief,54
B-26010,176,13,5,Furniture,Furnishings,880
B-26010,55,3,3,Clothing,T-shirt,165
B-26011,93,44,2,Clothing,Stole,186
B-26012,21,8,2,Clothing,Saree,42
B-26013,29,10,3,Clothing,Skirt,87
B-26014,406,97,7,Furniture,Chairs,2842
B-26014,278,39,5,Furniture,Chairs,1390
B-26015,128,55,1,Clothing,Saree,128
B-26016,74,9,3,Clothing,Shirt,222
B-26016,202,4,4,Clothing,Hankerchief,808
B-26016,429,61,3,Electronics,Electronic Games,1287
B-26016,134,13,3,Electronics,Electronic Games,402
B-26017,78,7,1,Furniture,Chairs,78
B-26018,326,107,3,Furniture,Furnishings,978
B-26018,61,8,4,Clothing,Hankerchief,244
B-26019,585,175,13,Clothing,T-shirt,7605
B-26020,319,102,6,Electronics,Accessories,1914
B-26021,122,59,7,Furniture,Furnishings,854
B-26021,49,21,1,Clothing,Stole,49
B-26021,21,12,3,Clothing,Hankerchief,63
B-26022,1824,1303,8,Electronics,Phones,14592
B-26023,1117,447,10,Furniture,Bookcases,11170
B-26023,29,0,3,Furniture,Furnishings,87
B-26023,66,22,3,Clothing,Stole,198
B-26023,59,21,2,Clothing,Stole,118
B-26024,168,18,6,Clothing,Stole,1008
B-26025,155,5,3,Clothing,Stole,465
B-26025,32,1,2,Clothing,Stole,64
B-26025,41,19,5,Clothing,Hankerchief,205
B-26026,255,76,9,Clothing,Hankerchief,2295
B-26026,25,2,3,Clothing,Kurti,75
B-26027,54,8,4,Clothing,T-shirt,216
B-26028,77,36,2,Clothing,Shirt,154
B-26028,115,0,1,Electronics,Accessories,115
B-26028,1272,547,2,Electronics,Phones,2544
B-26029,21,10,1,Clothing,T-shirt,21
B-26030,92,5,6,Clothing,Hankerchief,552
B-26030,11,5,1,Clothing,Skirt,11
B-26030,221,35,4,Electronics,Accessories,884
B-26030,50,25,5,Clothing,Stole,250
B-26030,89,36,3,Clothing,Shirt,267
B-26030,291,93,2,Electronics,Printers,582
B-26031,67,9,4,Clothing,Leggings,268
B-26032,47,15,5,Clothing,Saree,235
B-26033,774,170,3,Electronics,Accessories,2322
B-26033,143,32,1,Furniture,Bookcases,143
B-26033,111,35,5,Clothing,Shirt,555
B-26034,425,183,5,Electronics,Accessories,2125
B-26035,291,119,11,Clothing,Saree,3201
B-26035,520,151,3,Electronics,Phones,1560
B-26035,369,15,3,Electronics,Electronic Games,1107
B-26036,341,44,7,Furniture,Furnishings,2387
B-26037,171,68,7,Clothing,Stole,1197
B-26038,41,19,2,Clothing,T-shirt,82
B-26038,130,61,3,Clothing,Shirt,390
B-26038,52,14,2,Clothing,Stole,104
B-26038,30,6,1,Clothing,T-shirt,30
B-26039,83,34,5,Clothing,Shirt,415
B-26040,38,9,2,Clothing,Stole,76
B-26040,113,24,4,Clothing,Hankerchief,452
B-26040,833,93,3,Clothing,Trousers,2499
B-26041,176,28,5,Furniture,Furnishings,880
B-26042,36,15,3,Clothing,Stole,108
B-26043,185,48,4,Clothing,Stole,740
B-26043,62,28,5,Clothing,Hankerchief,310
B-26043,79,5,6,Clothing,Hankerchief,474
B-26043,30,12,3,Clothing,Skirt,90
B-26043,122,50,7,Clothing,Stole,854
B-26044,28,10,3,Clothing,Skirt,84
B-26045,302,75,6,Furniture,Furnishings,1812
B-26045,376,0,7,Clothing,Stole,2632
B-26045,179,77,1,Clothing,Saree,179
B-26045,27,5,1,Clothing,Stole,27
B-26046,32,3,8,Clothing,Hankerchief,256
B-26047,55,12,5,Clothing,Skirt,275
B-26048,163,81,2,Electronics,Accessories,326
B-26048,401,13,6,Furniture,Chairs,2406
B-26048,1461,202,5,Furniture,Tables,7305
B-26048,1104,209,4,Clothing,Trousers,4416
B-26049,100,28,2,Clothing,Hankerchief,200
B-26050,325,32,7,Clothing,T-shirt,2275
B-26050,169,55,4,Clothing,Saree,676
B-26050,487,143,4,Electronics,Phones,1948
B-26050,166,27,2,Electronics,Accessories,332
B-26050,79,32,3,Clothing,Saree,237
B-26050,32,6,3,Clothing,Shirt,96
B-26050,38,9,2,Clothing,Stole,76
B-26050,284,44,6,Clothing,Hankerchief,1704
B-26050,382,92,2,Electronics,Printers,764
B-26051,184,85,6,Clothing,T-shirt,1104
B-26051,676,195,5,Furniture,Bookcases,3380
B-26051,669,74,5,Furniture,Bookcases,3345
B-26051,80,22,3,Clothing,Stole,240
B-26051,216,50,4,Clothing,Stole,864
B-26051,85,24,10,Clothing,Hankerchief,850
B-26051,382,119,2,Clothing,Saree,764
B-26051,490,88,2,Electronics,Accessories,980
B-26051,1337,147,7,Electronics,Printers,9359
B-26051,600,102,5,Electronics,Electronic Games,3000
B-26052,78,28,6,Clothing,Kurti,468
B-26052,101,16,4,Clothing,T-shirt,404
B-26052,145,0,3,Clothing,Saree,435
B-26052,148,23,4,Clothing,Kurti,592
B-26052,15,1,1,Clothing,Shirt,15
B-26052,25,7,2,Clothing,Stole,50
B-26052,774,170,3,Electronics,Accessories,2322
B-26053,17,1,2,Clothing,Skirt,34
B-26053,246,61,2,Furniture,Bookcases,492
B-26053,425,208,7,Clothing,Saree,2975
B-26053,93,31,3,Electronics,Accessories,279
B-26053,594,89,3,Furniture,Bookcases,1782
B-26053,85,2,6,Clothing,Stole,510
B-26053,27,6,3,Clothing,Skirt,81
B-26053,120,1,1,Furniture,Chairs,120
B-26053,162,55,3,Clothing,Stole,486
B-26054,246,98,5,Clothing,Hankerchief,1230
B-26054,88,20,2,Clothing,Saree,176
B-26054,88,19,2,Clothing,Shirt,176
B-26054,139,21,3,Electronics,Accessories,417
B-26054,139,36,3,Clothing,Stole,417
B-26054,138,11,5,Clothing,Stole,690
B-26054,156,23,3,Clothing,Stole,468
B-26054,559,174,2,Electronics,Electronic Games,1118
B-26055,227,48,5,Clothing,Stole,1135
B-26055,5729,64,14,Furniture,Chairs,80206
B-26055,94,27,2,Clothing,T-shirt,188
B-26055,213,4,14,Clothing,Shirt,2982
B-26055,250,12,2,Electronics,Printers,500
B-26055,43,11,1,Clothing,Saree,43
B-26055,1218,420,8,Furniture,Bookcases,9744
B-26055,671,114,9,Electronics,Phones,6039
B-26055,57,7,2,Clothing,Shirt,114
B-26056,70,24,3,Clothing,Stole,210
B-26056,47,20,7,Clothing,Hankerchief,329
B-26056,33,9,2,Clothing,Hankerchief,66
B-26056,424,161,2,Clothing,Saree,848
B-26056,391,90,6,Electronics,Phones,2346
B-26056,15,6,2,Clothing,Hankerchief,30
B-26056,101,11,2,Clothing,Hankerchief,202
B-26056,31,9,2,Clothing,Hankerchief,62
B-26056,220,40,2,Electronics,Accessories,440
B-26056,213,145,3,Furniture,Bookcases,639
B-26056,19,18,4,Clothing,Kurti,76
B-26056,206,18,4,Clothing,Hankerchief,824
B-26057,736,346,5,Electronics,Printers,3680
B-26057,54,8,4,Clothing,T-shirt,216
B-26057,659,37,2,Furniture,Bookcases,1318
B-26057,224,87,3,Clothing,Trousers,672
B-26058,212,97,7,Clothing,Hankerchief,1484
B-26059,20,6,1,Clothing,T-shirt,20
B-26060,382,68,3,Clothing,Saree,1146
B-26061,508,203,2,Electronics,Accessories,1016
B-26061,965,68,3,Electronics,Printers,2895
B-26061,206,12,1,Electronics,Printers,206
B-26061,642,180,5,Clothing,Saree,3210
B-26061,109,52,2,Clothing,Stole,218
B-26061,27,8,2,Clothing,T-shirt,54
B-26062,44,40,3,Clothing,Stole,132
B-26062,50,17,2,Clothing,Stole,100
B-26062,13,2,1,Clothing,Stole,13
B-26063,241,77,4,Electronics,Electronic Games,964
B-26064,75,2,5,Clothing,Leggings,375
B-26064,61,3,4,Clothing,Hankerchief,244
B-26064,122,38,6,Clothing,T-shirt,732
B-26064,22,0,2,Clothing,Saree,44
B-26065,146,19,5,Clothing,Stole,730
B-26066,86,22,2,Clothing,Saree,172
B-26067,618,27,4,Furniture,Bookcases,2472
B-26067,53,2,4,Clothing,Hankerchief,212
B-26067,1120,199,6,Clothing,Saree,6720
B-26067,1137,14,7,Electronics,Printers,7959
B-26067,67,2,4,Clothing,T-shirt,268
B-26068,193,33,5,Electronics,Accessories,965
B-26069,55,18,2,Clothing,Kurti,110
B-26070,54,12,4,Clothing,Shirt,216
B-26070,582,262,5,Furniture,Furnishings,2910
B-26070,75,29,1,Clothing,Trousers,75
B-26070,14,7,2,Clothing,Hankerchief,28
B-26071,21,4,3,Clothing,Hankerchief,63
B-26072,313,44,3,Electronics,Electronic Games,939
B-26073,37,17,3,Clothing,Hankerchief,111
B-26073,290,110,9,Clothing,Stole,2610
B-26073,122,11,4,Clothing,Hankerchief,488
B-26073,29,9,3,Clothing,Saree,87
B-26073,1514,742,4,Electronics,Printers,6056
B-26074,57,21,4,Clothing,Leggings,228
B-26075,34,12,2,Clothing,Stole,68
B-26076,91,22,2,Clothing,Stole,182
B-26076,133,46,5,Clothing,Shirt,665
B-26076,60,13,2,Clothing,T-shirt,120
B-26076,19,4,2,Clothing,Saree,38
B-26076,450,190,4,Furniture,Bookcases,1800
B-26077,62,11,7,Clothing,Hankerchief,434
B-26078,17,8,2,Clothing,Skirt,34
B-26078,44,20,2,Clothing,T-shirt,88
B-26078,557,111,2,Electronics,Electronic Games,1114
B-26078,137,63,3,Clothing,Stole,411
B-26079,18,3,2,Clothing,Hankerchief,36
B-26080,109,35,6,Clothing,T-shirt,654
B-26081,359,338,5,Furniture,Bookcases,1795
B-26081,93,84,3,Clothing,Saree,279
B-26081,169,0,3,Electronics,Accessories,507
B-26081,79,33,4,Clothing,Stole,316
B-26081,24,11,3,Clothing,Hankerchief,72
B-26081,637,50,5,Clothing,Saree,3185
B-26082,95,5,2,Clothing,Stole,190
B-26083,43,8,3,Clothing,Leggings,129
B-26083,145,16,3,Clothing,T-shirt,435
B-26083,34,3,3,Clothing,Saree,102
B-26083,143,6,2,Electronics,Accessories,286
B-26083,45,17,1,Electronics,Accessories,45
B-26084,209,63,4,Electronics,Electronic Games,836
B-26085,86,22,2,Clothing,Saree,172
B-26085,1487,624,3,Clothing,Trousers,4461
B-26085,40,17,2,Clothing,Stole,80
B-26085,132,10,3,Clothing,Saree,396
B-26086,43,17,2,Clothing,T-shirt,86
B-26086,762,101,6,Electronics,Printers,4572
B-26086,25,2,2,Clothing,Hankerchief,50
B-26087,119,56,7,Clothing,Saree,833
B-26087,46,13,3,Clothing,Hankerchief,138
B-26087,311,40,1,Electronics,Electronic Games,311
B-26087,40,10,2,Clothing,Stole,80
B-26087,180,0,8,Clothing,Stole,1440
B-26088,11,5,2,Clothing,Hankerchief,22
B-26089,59,24,6,Clothing,Kurti,354
B-26089,27,4,1,Clothing,Hankerchief,27
B-26089,139,14,3,Clothing,Kurti,417
B-26090,80,22,3,Clothing,Stole,240
B-26091,158,69,3,Clothing,Stole,474
B-26091,29,10,4,Clothing,Hankerchief,116
B-26091,59,10,4,Clothing,Leggings,236
B-26092,97,14,2,Clothing,T-shirt,194
B-26093,33,1,1,Clothing,Saree,33
B-26093,2847,712,8,Electronics,Printers,22776
B-26093,852,51,5,Furniture,Bookcases,4260
B-26093,492,187,2,Electronics,Accessories,984
B-26093,81,41,5,Clothing,Leggings,405
B-26093,49,5,4,Clothing,Hankerchief,196
B-26093,148,25,3,Clothing,Saree,444
B-26094,152,50,6,Clothing,Stole,912
B-26095,6,1,1,Clothing,Kurti,6
B-26096,45,9,3,Clothing,Leggings,135
B-26096,103,46,2,Clothing,Saree,206
B-26096,140,56,4,Clothing,Shirt,560
B-26096,88,11,3,Electronics,Accessories,264
B-26096,451,25,3,Electronics,Phones,1353
B-26096,264,26,3,Clothing,Trousers,792
B-26097,97,12,2,Clothing,Hankerchief,194
B-26097,14,5,1,Clothing,Hankerchief,14
B-26097,19,8,2,Clothing,Hankerchief,38
B-26097,39,18,2,Clothing,Leggings,78
B-26097,185,26,6,Furniture,Chairs,1110
B-26097,663,212,5,Electronics,Printers,3315
B-26097,671,309,5,Electronics,Electronic Games,3355
B-26098,82,8,3,Electronics,Accessories,246
B-26098,497,179,3,Furniture,Chairs,1491
B-26098,96,48,5,Clothing,Leggings,480
B-26098,409,86,3,Clothing,Saree,1227
B-26098,59,15,2,Clothing,T-shirt,118
B-26098,46,14,5,Clothing,Skirt,230
B-26099,9,3,1,Clothing,Skirt,9
B-26099,207,37,4,Clothing,Hankerchief,828
B-26099,835,267,5,Electronics,Phones,4175
B-26099,2366,552,5,Clothing,Trousers,11830
B-26100,828,230,2,Furniture,Chairs,1656
B-26100,34,10,2,Clothing,T-shirt,68
B-26100,72,16,2,Clothing,Shirt,144
